Review Dates,Review Titles,Reviews,Star Ratings
"April 19, 2022",The Death of Instagram,"""Be not afraid of greatness. Some are born great, some achieve greatness, and others have greatness thrust upon them."" so wrote the balding perfumed ruff model William Shakespeare, but alas these blustery words were not intended for the dead eyed Mark Zuckerberg, nor anyone that creates albeit legal, voyeuristic masturbatory digital snooping tools. Though hardly great, Mr.Zuckerberg and his lesser competitors have given us the likes of TikTok, MySpace and Facebook the latter spawning the slightly more idiotic Instagram. As a target audience garden variety moron myself, I took to Instagram like a Floridian does to NASCAR. So many ""friends"" I made from Trucknutz69 to DonaldTrump4prezudent; finally I was a part of a community, such that it is. However, the rot was about to set in.Having never felt the need for such security measures as double authentication, a pencil outline of my penis or a drop blood from which a match could be made to verify myself to the robots at Meta, I sat back in my superior manner and never worried once about male enhancement pill salesmen or bitcoin hucksters wanting to commandeer my Instagram feed. However, just like Mr.Zuckerberg's mother commenting on her son's terrific sense of humour, I couldn't have been more wrong. Upon returning from my miserable job as a modern day gong farmer, I sat down, very much the broken man, to see how my pal Kanye West was doing, here I discovered that my Instagram feed had been expropriated by one of aforementioned bitcoin barrow boy. No more The Rock, no more RepublicansforJesus, no more vulcanized Brazilian 19 year olds asking for a few reals to finish med school in Bras√≠lia...I was well and truly hacked. So, what solution did Instagram have for me? Instagram, the company worth 100 billion dollars- they said, and I'll paraphrase Lou Costello here: ""I dunno!"". As minutes turned into hours more and more of my followers were being drawn into this evil bitcoin scheme. And then it started, actual real people I know began to call- not Mr. The Rock nor any Brazilian med students/bikini models, but honest decent people I actually know, some of whom use Instagram for their business. Could I stop this avalanche? Well, ask anyone who this has happened to and you'll know my answer.The solution: take some of that money and hire a customer service team (like the Brazilian ""fitness"" model most likely employs) and have them standing by to field the myriad issues involving lowlife hackers usurping your innocent user's Instagram feeds. Apologize to countless users that you've allowed to dangle from a rope of your own creation and then comb out the eggs and nits of the hacker from your own greasy head. ""Meta"" is a person or thing that is more than usual or that goes above and beyond- well I'd settle for less, not less in the Instagram sense, but less in the ""just do something in a reliable manner"" sense....Instagram- you're as terrible at helping your users as you are brilliant at bringing American simpletons to international attention.",1
"April 15, 2022",Instagram itself is fine,"Instagram itself is fine, but the vast majority of it's promoted content I see is fraudulent websites and scams. Therefore instagram's business model is actually taking a cut from stolen funds. Sooner or later, a class action law suit will close the entire firm down.",1
"April 15, 2022",mark you just id.iot you are a swindler‚Ä¶,mark you just id.iot you are a swindler all your money is forbidden by stealing and taking peoples information and there is no safety for you and your dirty sites like you you are taking advantage of people because you are a rude child a fraud dont pay the users anything and waste their time for hours every day on facebook and instagram because you are a shameful and disgraceful person i hope that your sites are all shutdown,1
"April 15, 2022",Horrible,"Horrible. I'm not able to log in to my business account on my desktop. There are certain tasks that need to be completed by desktop. This company has no organized system to address issues. Instagram automated message states to enter the 4 digit code sent to my phone number ending in---- but no code is ever sent. I've had this happen before and they offer no explanation as to why this is happening. I'm dealing with an actual live person now and they asked for verification information which I provided 5 days and ago and no response. This is NOT a situation where i forgot my passcode or I have an incorrect phone number listed, it's a situation where they are NOT sending the code because their system is NOT functioning properly. I have never had such a bad experience with logging into an account. Fix your system Instagram/Facebook and If you can not do that, then you need to shut Instagram down or bring in a NEW CEO and whole new team because the people that assist you can not answer simple questions....",1
"April 14, 2022",Crappy help,My account got hacked so badly I tried to call Instagram to see if they could fix it but they have no costumer survive and their help center is absolute crap.,1
"April 12, 2022",Wow so many fake businesses most from‚Ä¶,Wow so many fake businesses most from America. Instagram DO NOT  click on any adverts as they are not vetted nor are they checked for fraudsters.  Do not Buy anything from there you will loose your money.,1
"Apr. 12, 2022",Someone has impersonated my profile for‚Ä¶,"Someone has impersonated my profile for the second time. I have reported it both via the app and via the form submission - The response received, we cannot review your case right now due to a coronavirus outbreak.  Please try again later.The app is useless as well. Someone is using my face to scam people and they are okay with that, Not adhering to their own guidelines and community standards.",1
"Apr. 11, 2022",great for pictures but terrible for videos,"It is great for watching pictures.But terrible for video-stories. The sound in news feed is on automatically which is annoying . I turn it off and and after it it‚Äôs not possible to watch stories because they also don‚Äôt have sound and it‚Äôs not possible to turn it on from the story, there is no button, I need to go back to feed, to find a video, turn sound on and go back to watch stories.Why is it so terrible? Guys, look at YouTube how great they play videos without sound before you click yourself.",3
"Apr. 9, 2022",Absolute Rubbish since Facebook got‚Ä¶,Absolute Rubbish since Facebook got there grubby hands on it!Endless Bot Likes & Advertising.Also they Locked me out of my Account for No Reason.Taken the Fun Out of Using the App.,1
"Apr. 8, 2022",Absolutely appalling,Absolutely appalling! Security is so lax and there's no chance of ever getting your account back if its hacked! Unbelievable this can actually happen and they couldn't care less !,1
"Apr. 7, 2022",Instagram in a place full of scamers‚Ä¶,Instagram in a place full of scamers that just want hack your account & rip your friends off & Instagram doesn't do a thing to stop them never again will I go on this s... site made for scamers.,1
"Apr. 2, 2022",Good social media platform,"If you pay attention , it‚Äôs a good website. If you‚Äôre unsure of the people roaming around , just set the account as private. Good website overall and I don‚Äôt spot many bugs even if I am an android user.",4
"Updated Apr. 1, 2022",It is not about friend‚Äôs pictures‚Ä¶,"It is not about your friend‚Äôs pictures anymore. My friend‚Äôs pictures have disappeared to have instead a fest of advertisement, suggestions and selling stuff.It is real disgrace.Also, very unhelpful when your account gets hacked. Several friends hacked by bitcoin fraudsters and they can‚Äôt recover their accounts yet. There is no way you can report that a friend‚Äôs account has been hacked.",1
"Mar. 29, 2022",glitches & bad mod,Not bad. Good enough if you wanna use Instagram for fun. Ads aren't too spammy and bothering since you can scroll through all of them. But the amount of glitches I've encountered in the app is astonishing. There are also way too many bots in here. Their moderation needs improvements.,3
"Mar. 21, 2022",Good app but too much spam!,"Instagram deactivated my account only because I liked comments with a different political point of view. Again, I didn‚Äôt post comments or anything, only liked a couple. Wow. Scary world we‚Äôre living in these days..",3
"Mar. 19, 2022",Instagram deactivated my account only‚Ä¶,"R3tarded app keeps blocking my OWN MUSIC, how dumb are the people runing it? Seriously.",1
"Mar. 15, 2022",R3tarded app keeps blocking my OWN‚Ä¶,"""Be not afraid of greatness. Some are born great, some achieve greatness, and others have greatness thrust upon them."" so wrote the balding perfumed ruff model William Shakespeare, but alas these blustery words were not intended for the dead eyed Mark Zuckerberg, nor anyone that creates albeit legal, voyeuristic masturbatory digital snooping tools. Though hardly great, Mr.Zuckerberg and his lesser competitors have given us the likes of TikTok, MySpace and Facebook the latter spawning the slightly more idiotic Instagram. As a target audience garden variety moron myself, I took to Instagram like a Floridian does to NASCAR. So many ""friends"" I made from Trucknutz69 to DonaldTrump4prezudent; finally I was a part of a community, such that it is. However, the rot was about to set in.Having never felt the need for such security measures as double authentication, a pencil outline of my penis or a drop blood from which a match could be made to verify myself to the robots at Meta, I sat back in my superior manner and never worried once about male enhancement pill salesmen or bitcoin hucksters wanting to commandeer my Instagram feed. However, just like Mr.Zuckerberg's mother commenting on her son's terrific sense of humour, I couldn't have been more wrong. Upon returning from my miserable job as a modern day gong farmer, I sat down, very much the broken man, to see how my pal Kanye West was doing, here I discovered that my Instagram feed had been expropriated by one of aforementioned bitcoin barrow boy. No more The Rock, no more RepublicansforJesus, no more vulcanized Brazilian 19 year olds asking for a few reals to finish med school in Bras√≠lia...I was well and truly hacked. So, what solution did Instagram have for me? Instagram, the company worth 100 billion dollars- they said, and I'll paraphrase Lou Costello here: ""I dunno!"". As minutes turned into hours more and more of my followers were being drawn into this evil bitcoin scheme. And then it started, actual real people I know began to call- not Mr. The Rock nor any Brazilian med students/bikini models, but honest decent people I actually know, some of whom use Instagram for their business. Could I stop this avalanche? Well, ask anyone who this has happened to and you'll know my answer.The solution: take some of that money and hire a customer service team (like the Brazilian ""fitness"" model most likely employs) and have them standing by to field the myriad issues involving lowlife hackers usurping your innocent user's Instagram feeds. Apologize to countless users that you've allowed to dangle from a rope of your own creation and then comb out the eggs and nits of the hacker from your own greasy head. ""Meta"" is a person or thing that is more than usual or that goes above and beyond- well I'd settle for less, not less in the Instagram sense, but less in the ""just do something in a reliable manner"" sense....Instagram- you're as terrible at helping your users as you are brilliant at bringing American simpletons to international attention.",1
"Mar. 15, 2022",The best app ever!!!,"Instagram itself is fine, but the vast majority of it's promoted content I see is fraudulent websites and scams. Therefore instagram's business model is actually taking a cut from stolen funds. Sooner or later, a class action law suit will close the entire firm down.",5
"Mar. 14, 2022",I love it!!!!,mark you just id.iot you are a swindler all your money is forbidden by stealing and taking peoples information and there is no safety for you and your dirty sites like you you are taking advantage of people because you are a rude child a fraud dont pay the users anything and waste their time for hours every day on facebook and instagram because you are a shameful and disgraceful person i hope that your sites are all shutdown,5
"Mar. 12, 2022",Terrible app!!,"Horrible. I'm not able to log in to my business account on my desktop. There are certain tasks that need to be completed by desktop. This company has no organized system to address issues. Instagram automated message states to enter the 4 digit code sent to my phone number ending in---- but no code is ever sent. I've had this happen before and they offer no explanation as to why this is happening. I'm dealing with an actual live person now and they asked for verification information which I provided 5 days and ago and no response. This is NOT a situation where i forgot my passcode or I have an incorrect phone number listed, it's a situation where they are NOT sending the code because their system is NOT functioning properly. I have never had such a bad experience with logging into an account. Fix your system Instagram/Facebook and If you can not do that, then you need to shut Instagram down or bring in a NEW CEO and whole new team because the people that assist you can not answer simple questions....",1
"April 19, 2022",The Death of Instagram,My account got hacked so badly I tried to call Instagram to see if they could fix it but they have no costumer survive and their help center is absolute crap.,1
"April 15, 2022",Instagram itself is fine,Wow so many fake businesses most from America. Instagram DO NOT  click on any adverts as they are not vetted nor are they checked for fraudsters.  Do not Buy anything from there you will loose your money.,1
"April 15, 2022",mark you just id.iot you are a swindler‚Ä¶,"Someone has impersonated my profile for the second time. I have reported it both via the app and via the form submission - The response received, we cannot review your case right now due to a coronavirus outbreak.  Please try again later.The app is useless as well. Someone is using my face to scam people and they are okay with that, Not adhering to their own guidelines and community standards.",1
"April 15, 2022",Horrible,"It is great for watching pictures.But terrible for video-stories. The sound in news feed is on automatically which is annoying . I turn it off and and after it it‚Äôs not possible to watch stories because they also don‚Äôt have sound and it‚Äôs not possible to turn it on from the story, there is no button, I need to go back to feed, to find a video, turn sound on and go back to watch stories.Why is it so terrible? Guys, look at YouTube how great they play videos without sound before you click yourself.",1
"April 14, 2022",Crappy help,Absolute Rubbish since Facebook got there grubby hands on it!Endless Bot Likes & Advertising.Also they Locked me out of my Account for No Reason.Taken the Fun Out of Using the App.,1
"April 12, 2022",Wow so many fake businesses most from‚Ä¶,Absolutely appalling! Security is so lax and there's no chance of ever getting your account back if its hacked! Unbelievable this can actually happen and they couldn't care less !,1
"Apr. 12, 2022",Someone has impersonated my profile for‚Ä¶,Instagram in a place full of scamers that just want hack your account & rip your friends off & Instagram doesn't do a thing to stop them never again will I go on this s... site made for scamers.,1
"Apr. 11, 2022",great for pictures but terrible for videos,"If you pay attention , it‚Äôs a good website. If you‚Äôre unsure of the people roaming around , just set the account as private. Good website overall and I don‚Äôt spot many bugs even if I am an android user.",3
"Apr. 9, 2022",Absolute Rubbish since Facebook got‚Ä¶,"It is not about your friend‚Äôs pictures anymore. My friend‚Äôs pictures have disappeared to have instead a fest of advertisement, suggestions and selling stuff.It is real disgrace.Also, very unhelpful when your account gets hacked. Several friends hacked by bitcoin fraudsters and they can‚Äôt recover their accounts yet. There is no way you can report that a friend‚Äôs account has been hacked.",1
"Apr. 8, 2022",Absolutely appalling,Not bad. Good enough if you wanna use Instagram for fun. Ads aren't too spammy and bothering since you can scroll through all of them. But the amount of glitches I've encountered in the app is astonishing. There are also way too many bots in here. Their moderation needs improvements.,1
"Apr. 7, 2022",Instagram in a place full of scamers‚Ä¶,"Instagram deactivated my account only because I liked comments with a different political point of view. Again, I didn‚Äôt post comments or anything, only liked a couple. Wow. Scary world we‚Äôre living in these days..",1
"Apr. 2, 2022",Good social media platform,"R3tarded app keeps blocking my OWN MUSIC, how dumb are the people runing it? Seriously.",4
"Updated Apr. 1, 2022",It is not about friend‚Äôs pictures‚Ä¶,"My personal experience with instagram is this. As soon as my posts began organically generating thousands of followers and likes on a daily and sometimes hourly basis due to the factual content I was posting about the ‚Äúnew world order depopulation agenda‚Äù, they abruptly shut down my account! They shut down my backup account in advance prior to doing this for absolutely no reason! I was hardly using it. They shut down several accounts I had without justification, warning, or any response, resolutions, etc. They are ruthless to deal with and even though I have other old accounts on there, I‚Äôll never trust them again or put my best content on their platform. Refer to my fakebook review below for tips on where to post freely without penalty. Who wants to deal with endless censorship? I‚Äôm on every alternative social media site now! You will never find the truth on mainstream social media sites since it‚Äôs all being banned, deleted & blocked. That‚Äôs why most people are uninformed. Use Telegram, Bitchute, Rumble, Odysee/Lbry, Yandex (to search), Protonmail, Signal messenger, MeWe, Wimkin, Minds, Gab, Parler, and get off of the ‚Äúsheeple platforms‚Äù. They‚Äôre a waste of time! All of your posts, videos, friends lists, & accounts will disappear on the censored sites. Eventually, many people will wake up to the nonsense and migrate to the other sites! It‚Äôs so much more worth it to be where you can access THE TRUTH.",1
"Mar. 29, 2022",glitches & bad mod,"I do not want an Instagram account, I just want to see my friends' photos.But you keep insisting I log in or sign up ""to continue"".I have tried to do that, and found that you consider ""the IP address that [I am] using has been flagged as an open proxy. If [I] believe this to be incorrect, please visit [the help page]"".Definitely incorrect, we are just a regular home broadband IP.The help page link is a generic one, and there is no useful information there whatsoever.You have failed on three counts regarding basic functionality.  You are also causing an epidemic of mental health problems.  How can you justify working for this company?If you are looking for an alternative I would suggest Flickr (I have no affiliation).",3
"Mar. 21, 2022",Good app but too much spam!,My account got hacked 2 weeks ago. Since then I have been trying to get it back. Instagram doesn't have any proper channels where you can reach out to them and solve the issue. They have this thing where you have to send a selfie video. It doesn't even work. I have sent multiple selfie videos and they keep saying they couldn't verify me. Are you F'ing serious? I have multiple pictures on my profile which got hacked. The hacker is now harassing my friends. I have even replied to the emails I got from Instagram and they don't even reply back. fix this.,3
"Mar. 19, 2022",Instagram deactivated my account only‚Ä¶,"I‚Äôm having the worst experience ever because of the lack of communication you have within your team. I‚Äôve been SHADOW BANNED for almost two months now!! You are doing this ILLEGALLY and none of my previous feedback is been heard and I never received a reply from you even all my reviews.I found your sense of community lacking from the original meaning that it has because you don‚Äôt really care about your community. You are banning my profile without having the chance for my works and content, all of this illegally and not specified in Terms and Conditions.I don‚Äôt like financing a ghost utopic community that doesn‚Äôt consider myself as part of his own community too.Is just a shame and I‚Äôm concerned.I want to close both my accounts I have with you, Facebook, Instagram, WhatsApp.I found both TikTok and Twitter a better and more inclusive place where I could‚Äôve speak with a customer service and where I received a resolution too.You don‚Äôt listen, you don‚Äôt involve people of being part of your community, because you trick them! You trick your own users penalising them and without providing any kind of assistance in any issue they may find.I didn‚Äôt receive this treatment from any other social media, but if you don‚Äôt care about your community it will not be important deleting all my accounts from your platforms! NO COMMENT.",1
"Mar. 15, 2022",R3tarded app keeps blocking my OWN‚Ä¶,"Have you ever wondered what does Facebook, Instagram, WhatsApp do with your data each time you open their application, log in to their Web services?Based in their rules and regulations, none of these services should ever trace your location, nor your IP address. In reality, this is way different and whatever you do, whichever place you log in, using whatever IP address, Marc Zuckberg‚Äôs social media is illegally spying on you and collects all data without your permission.A while ago Europe voted strict rules when it comes to GDPR and data protection of it‚Äôs citizens. Unfortunately, our data is being stored, used for their purpose without us knowing that. I myself, always use VPN services when it comes to social media or simple browsing on the net and because of that, Marc‚Äôs team not only marked my account as suspicious but also deleted it without even checking with me first.What I found even worse then the need to collect where I am every time I used their services, is first they ask your phone number to confirm it is you and after you do that they simply block/remove your account and in order to reopen that you are requested for even more personal details, see their response to my complaint about blocking my account. Below is their response, basically asking you to take a picture of yourself, including your handwriting and your hand needs to be visible. The picture needs to be well visible etc. What does Marc do with that, of course they store that and use that for resale to third parties for advertising purposes. So basically if you use face recognition feature Marc Zuckerberg gets that if you follow their requests and uses it in order to resale that for bigger income.Bedankt dat je contact met ons hebt opgenomen. Voordat we je kunnen helpen, moet je bevestigen dat jij de eigenaar bent van dit account.Reageer op deze e-mail met een foto van jezelf waarop je een handgeschreven kopie vasthoudt van de onderstaande code.XXXXXDe foto die je stuurt:- Moet de bovenstaande code bevatten, geschreven op een vel wit papier, gevolgd door je volledige naam en je gebruikersnaam- Moet zowel je hand met het vel papier als je hele gezicht bevatten- Moet goed belicht, en niet te klein, donker of wazig zijn- Moet worden bijgevoegd als een JPEG-bestandZelfs als dit account geen foto‚Äôs van jou bevat of wordt gebruikt om iets of iemand anders te vertegenwoordigen, kunnen we niet helpen totdat we een foto hebben ontvangen die voldoet aan deze vereisten.Met vriendelijke groet,Het team van InstagramAre you still sure you wish to use social media accounts, property of Marc Zuckberg‚Äôs?Please spread the word throughout your network and make people aware about the privacy invasion of Marc Zuckberg NOBODY SHOULD INVADE OUR PRIVACY WITHOUT OUR CONSENT.",1
"Mar. 15, 2022",The best app ever!!!,"Literally one of the worst companies in the whole world right now. They are the nazis of the Internet and are trying to control certain narratives, only allowing lies to be told. This satanic entity needs taking down and burning to the ground",5
"Mar. 14, 2022",I love it!!!!,"Steve at Kigali Coffee, 2 Stoney St, Notts NG1 1LG Today my husband and I met with Steve at Kigali Coffee, Nottingham.  To say Steve is very knowledgeable about coffee; from bean to ground, is only the half of it.This week I treated my husband to a Wilfa Coffee Grinder and thought it would be a very good idea to see if somebody in the `business` could assist in best how to use the equipment.  The grinder was not purchased from Kigali so I was absolutely over the moon when Steve offered to show us how it worked.  He explained the workings with simplicity and went way beyond what the `Helpful Notes` in the grinder box explains.Whilst there he also explained the `washed` and `natural` bean difference; difference in grinds etcWe sat taking this all in, over two very tasty coffees.  This meeting has saved us making a few `novice` mistakes no doubt, but more importantly opened up a coffee shop that we will visit now, when in Nottingham, knowing that the service is above and beyond.  They care about how their coffee is prepared, tastes and presented.Thank you Steve / Kigali ‚Äì amazing service.Wendy",5
"Mar. 12, 2022",Terrible app!!,"I like to share my pictures, as Photograph, without any obligations or without any comment just so. And then I want the feedback of my group/followers,.. I want to do the same, see professional photos and comment on them... Just for inspiration... For sure I want also the opportunity to delete photos. If you google my name, then the old photos from me are on google.. I want to delete them...   And I don't want to see Ads... Instagram just sucks...",1
"Mar. 12, 2022",COMMUNISTS who delete the truth on a daily basis! Use instagram to recruit people to BETTER PLATFORMS! They remove accounts and truthful content without justification!,This is and horrible app to use if your account gets hacked like mine they won't help you unless your bringing them money to there business don't use this instagram if your not a big shot.,1
"Updated Mar. 12, 2022",I do not want an Instagram account,"I signed up for my first account simply as a marketing tool for a new business i am opening, created account, went to login and my IP address was already blocked. Decided to use a VPN instead, a little inconvenient but no big deal, I was immediately locked out of the account. Now they want me to prove the account is mine with a tax return, utility bill etc in order to unlock an account I haven't managed to login into once. Very poor, not user/customer friendly, they probably don't care, I will be looking elsewhere.",1
"Mar. 11, 2022",My account got hacked 2 weeks ago,"They dont care at all about abuse, racism, bullying etc happening on their platform. Customer service is run by bots, not humans, and they never actually punish or remove offenders, but simultaneously remove accounts that have done nothing wrong for no reason.",1
"Mar. 10, 2022",INSTAGRAM SHADOW BANNED MY ACCOUNT FOR TEO MONTHS NOW COMPLETELY ILLEGALY!,"Pathetic app. Heavily censored for telling the truth, yet pedophiles and terrorists are free to post content. Half the time it's a struggle to log on.",1
"Mar. 6, 2022",Being spied by social media giant Marc Zuckberg.,"Absolute joke. My engagement has dropped to a ridiculously low level the last few months which has dramatically effected my business and my job, I've sent numerous reports asking for a response and haven't had 1. Since last week I haven't been able to post pictures or videos on my feed or story but yet haven't had any warning of violations or going against rules or guidelines and haven't been able to get in contact with them for assistance or reason for this. Absolutely disgusted",1
"Mar. 4, 2022",Literally one of the worst companies in‚Ä¶,"You hacked an amazing voluntary project i did for my beloved parents. How dare you. You may have the ability and intellect to play with the keyboard and technology to ruin my project that i cannot login, but you don't have the morality to understand the importance of parents and how I love my parents. Be one.",1
"Mar. 4, 2022","Steve at Kigali Coffee, Notts",My business account was suspended as my toddler pushed buttons on my phone. Months later and countless requests to get it reactivated I can‚Äôt get get a response from them.,5
"Mar. 4, 2022",Is not what I want,I Instagram is really a bad platform you always see on peoples lives people Twerking in a provocative manner and really all you see is pornography and pictures of peoples stuff showing it and posting it all over the Instagram I think really Instagram is to do something about it but they probably won‚Äôt even accounts have been hacked last year so it is has mine but really I took care of it by you know I‚Äôm deleting the account I‚Äôve been seeing a lot of stuff on Instagram that needs to be dealt needs to be in a taken care of but I know Instagram won‚Äôt do nothing about it but man I listen to my favor Instagram is really bad to people it really pushes out bad vibes disrespectful that‚Äôs all people don‚Äôt wanna live cussing  especially to little ones that need to have manners of the cells and they post bad photos,1
"Mar. 3, 2022",This is and horrible app to use if your‚Ä¶,Multiple friends accounts have been stolen and Instagram customer services are virtually useless and very unhelpful despite very real and obvious proof as to the genuine ownership. They seemingly do not care about their users at all.,1
"Updated Feb. 26, 2022",I signed up for my first account simply...,"I‚Äôd love to know the thought behind having people CHOOSE who they follow, then showing ‚Äúrelated‚Äù suggested page‚Äôs posts on my home page?? Just leave that on the for you page I don‚Äôt want it to bleed onto my home page. What‚Äôs the point in me following who I want, only to see random suggested posts clog up the home feedü§∑üèº‚Äç‚ôÄÔ∏è",1
"Feb. 24, 2022",Terrible application and so addictive,"I'm using it for almost 10 years. It was a good app back then. But now it's destroyed by ads, photoshopped models, big companies, stories and etc. It was a good and honest app to share your photos back then. Now it's just a platform for influencers to promote themselves and make money.",2
"Feb. 24, 2022",They just don't care,Instagram basically encourage child abuse. I reported that my son‚Äôs account had been hacked and was being used to send porn to his young friends.  They just won‚Äôt respond.  There is no contact info.  You are just left to deal with the fall-out of their incompetence.,1
"Feb. 22, 2022",Pathetic app,"Worst experience ever with so-called customer service. My friend's account got hacked and we all trying to get in touch with customer service regarding that issue and no one even trying to look into this situation. Looks like the more followers you've got they personally selling info and sending that for hackers. Oh well, nothing comes for free, but if you DO something do that till the very end in professional manner. Personally i wish this whole platform just dies and somebody think of better / safer platform to use with REAL customer service and real problem solving professionals.",1
"Feb. 21, 2022",Absolute joke,"Simply the worst organisation I've ever come across. Disabled business account for no valid reason, after jumping through countless automated forms and emails, no response after weeks. It was an important business channel but they took it away. With absolutely zero lines of communication they don't give a damn about small businesses. They believe they're too big to warrant needing customer care, well I recommend everyone to leave instagram! Even facebook has a business support chat facility and they're much bigger than instagram. By using instagram you're fuelling an ethos of terrible customer service. DO NOT USE!",1
"Feb. 19, 2022",You hacked an amazing voluntary project‚Ä¶,"Fantastic Notes, it is really motivated and optimistic",1
"Feb. 17, 2022",My business account was suspended as my‚Ä¶,Instagram is an absolute s..t!!! People - delete all your social media and then you'll be happier than ever before!,1
"Feb. 17, 2022",I Instagram is really a bad platform‚Ä¶,"My account was hacked and there is literally nothing you can do about it. They changed my email and phone number so I can get the autho codes. They are currently scamming my friends and family out of money and Instagram does absolutely nothing. There is no one to call, live chat, message NOTHING. They are too big of a company to leave users in this situation. Shame on them for not having active help help users get there accounts back. I understand hackers are not preventable, I don't understand how there is no way for them to at least close the account to stop them from taking advantage of its users.",1
"Feb. 16, 2022",unrealistic picture of lifestyles,"Hello, Metaverse scum bags, This is an honest review for all those who use your services. 1. For a start if you use any of the metaverse services in any capacity whether it be through Facebook or Instagram, your data will be collected, stored, stolen, sorted and then sold to the highest bidder. 2. If you eventually feel that this is ok, then you will install one of the many services Meta provides and you will be presented with the worst possible customer service on the planet. Even a truck stop in the middle of nowhere could provide better service and they are normally run by crazy people. 3. If you can look past the horrific customer service then you are presented with another problem. This problem is that the community guidelines that are supposed to ""keep you safe"" are completely bogus and censor anything that doesn't appeal to mainstream libtards where getting offended is apparently a crime. This makes no sense in the long run anyway because Meta is run by the biggest crook out. 4. Mark Zuccaberg. I hope you, and all your shareholders die and burn in hell because you lot are worse than the mafia. You should all be punished for your crimes against humanity behind the scenes of your clever Meta front. If you consider using these Metaverse applications then I warn you to use them at your own risk.",1
"Feb. 12, 2022","Terrible, useless customer service.","Don‚Äôt expect any help from Instagram if you get hacked they literally do nothing.. they‚Äôve left the hacker acting in my account who has been reported hundreds of times now. Even though it is fraud and scams, the person is using my identity to hack others. Absolutely disgusting. I‚Äôve lost my account and I can‚Äôt get any help. The instructions they leave for you to get help‚Ä¶ there‚Äôs not even those options. An absolute joke of a company !!!!",1
"Feb. 11, 2022",STOP SUGGESTED POSTS ON HOME PAGE,"Instagram is the worst social media network ever. Someone hacked my business account and I tried to report to them, but they didn't respond, I have been working with the account for long but on 20th Jan 2022 it was snatched from me. Instagram has weakest cyber security in the world.It's unbelievable you can't run your own business on Instagram knowing one day it will be taken from you.",1
"Feb. 9, 2022",It's gone.,Instagram has been a great addition to my life. As a personal trainer it is vital to show other how they can life a healthy life. Instagram enables me to showcase that.,2
"Feb. 8, 2022",Very Excellence,"My account has gone there is no way of contacting Instagram , I have sent email and I‚Äôve had nothing back am very stressed over this honestly how can a company so big no care about there customers",5
"Feb. 5, 2022",USELESS AUTOMOTONS,"I just wanted to take the time to share my thanks to you Instagram. You allow me to grow my business, connect with my followers and earn money, all for free! That is an amazing service, thank you!",1
"Feb. 2, 2022",Worst out of THE WORST,"My account has been hacked cortierm over 30 hours now.I‚Äôve contacted insta support completed video selfie verification and advised il be contacted within one working day. I haven‚Äôt heard nothing back and the hacker is still using my account and has complete access. They changed my email password and contact number I‚Äôm locked out. I can‚Äôt unlock my account or retrieve. I have further contact mark z, Adam Mosseri, Mike Krieger & Kevin Systrom to raise that my account has been hacked and haven‚Äôt heard back. There‚Äôs no way to contact Instagram directly apart from the form which they say respond within one day but haven‚Äôt. I have sent sos messages through friends advising of hacker as hacker has dm and placed a new post on the account about bitcoin which wasn‚Äôt me. I really need help. Managed to speak with someone from oculust who just apologised but couldn‚Äôt offer any assistance nor solutions or point me in the right direction. Tried contacting meta and even applied for a job but stating my account was hacked. My account is cortierm please help",1
"Feb. 1, 2022",Simply the worst organisation I've ever‚Ä¶,"good so far, but very slow",1
"Jan. 31, 2022",Joy's Note is really Fantastic Notes,instagram is a very biased application it chooses who to delete and not to delete and they come with a lie that it's against their community guidelines. what a s*** company,5
"Jan. 30, 2022",Instagram is an absolute s..t!!,"My friends doesnt know this app is handled by evil company, Facebook. I'm too lazy to warn them.",1
"Jan. 26, 2022",My account was hacked and there is‚Ä¶,"Just dip my toe in Instagram sometimes.They have changed IGTV though recently which is bad.Used to be pretty simple to upload something,now it's really hard to know how to do it.Needs some simple tips to still use it.",1
"Jan. 26, 2022","Hello, Metaverse scum bags,","Generally it's ok. Some silly things like you can't hide a post once you've already seen it, and security keeps wanting to do a biometric analysis - for a few weeks this happened twice a week which was a PITA...Lots of sponsored posts, but it has to make a profit so I don't mind that too much.",1
"Jan. 24, 2022",Don‚Äôt expect any help from Instagram if‚Ä¶,"Nobody will see your posts, accept for a endless conveyor belt of accounts with zero followers trying to scam you into paying to be promoted on someone elses account !Unless you have 10's of thousands of followers probably 100's thousands, don't bother.Total waste of time & effort",1
"Jan. 23, 2022",Instagram is the worst social media‚Ä¶,"Absolutely woeful. Literally impossible to speak to a human in any way, shape or form. So if one of the fixes on the Q&As doesn't work you're completely stuck. No wonder it is full of bots and scammers now. Terrible app",1
"Jan. 21, 2022",Instagram has been a great addition to‚Ä¶,"I randomly got logged out my account 4 days ago and cant log back in as it keeps asking for a two factor code so i go on my app for the code and instagram is gone............So i cant get a code to login, messaged Instagram support who requested a photo of my face with a code written on the paper...firstly thats a little creepy and is that even legal or morally right as 13+ can use this app? secondly how is this a security messure? all someone has to do is get a photo of you and photoshop a code onto a paper and send it and boom its you......Anyways i ended up doing this, they asked for another photo which then they sent me a code which you cant even enter anywhere....now their sending me more emails asking for photos mean while anyone could be sending or posting anything on my account.....absoulte useless support.Hate when companies remove all support options and only allow you to submit a request through the app and hey even if you do that dont worry they'll just send you useless crap until you give up.",5
"Jan. 20, 2022",My account has gone there is no way of‚Ä¶,Very toxic social network that damages youth mentally,1
"Jan. 19, 2022",Thank you Instagram!,Horrendous. There isn‚Äôt a company in the world with worse customer service than Instagram.,5
"Jan. 19, 2022",My account has been hacked cortierm‚Ä¶,"Been locked out of my account for a few days now. and from the looks of it, its gonna be a while before i get it back",1
"Jan. 17, 2022",good so far,"Almost 9 years of work gone. 730k, gone. Disabled for no reason, no support, now years of work and everything, hours and hours everyday for years, all for nothing. My own fault for trusting them. This is the 10th time the page has been wrongfully disabled. Each time it would be wrongfully disabled by the AI and then it would take days to MONTHS to get it back. Now if I get the page back again, i'm just going to keep getting disabled anyway, because the AI they put in place to police everything SUCKS and disables just about anyone now for anything. Too bad. Beware if you download this app, the very same fate is awaiting you, also.",2
"Jan. 17, 2022",instagram is a very biased application‚Ä¶,"I had a user for many years on Instagram, one day my account just got disabled without any email/explanation. I filled out the forms to restore an account and also replied to those automated emails with everything that was asked for me like sending pictures with verification codes. Having the audacity to disable an account without sending a written explanation and also not replying to the forms I sent with the verification photos is just utterly disrespectful towards their users. I have lost all of the photos I had on the platform that I trusted to keep them and I am not interested to open a new account and start adding all of my friends again. Everyone should know that one day their accounts can be just taken away without any explanation and without any real support they can contact.",1
"Jan. 16, 2022",this app is invested with bugs,"Rubbish app!! My girlfriends account was hacked and there's absolutely so way of contacting anyone to help with the matter, I find it absolutely outrageous the app is even allowed to continue operating without a valid customer support network in place. The email support is defunct and the contact number available is international....DO NOT DOWNLOAD THIS APP!!!!!!",1
"Jan. 16, 2022",The only thing keeping me from deleting this app is my friends.,"For more than three weeks, I've been locked out of my account due to a 'couldn't refresh feed' error. It only shows a white screen with no customer support, and I've tried all of the suggested fixes (from other sources because Instagram doesn't provide any) but to no effect. According to Google Play reviews, this is a very typical occurrence to which Instagram does not respond or correct. When there is a bug like this, the lack of specific customer support makes it ineffective.",1
"Jan. 14, 2022",Some changes here not good.,"Instagram on whole is rubbish I got hack and there is no real support available. They do not care as long as the page is open. It‚Äôs put me off social media because the people running it have no care, they allow people to get bullied say mean things but if it has some sort of impact on them from higher officials that‚Äôs when they care. Not worth your sanity.",2
"Jan. 10, 2022",Generally it's ok,Horrific experience trying to sign up (still can't do it). Don't bother wasting your time with this pile of rubbish of a platform.,3
"Jan. 8, 2022",Titel waste of time :(,"I dont know what's wrong with instagram ! I'm literally done with instagram now !! Especially the customer support is getting worse and worse day by day ! Idk why they disable you for no reason !! I've been disabled 2 times and this is the second time ! It's been 2 months ! My account was disabled on 8th of October , and I'm writing this on 14th of December!! They show least interest towards their customers ! Least intrest ! Or better to say no intrest at all ! My account was an art related account , contemporary art account , and it was very much important as it was linked with so many sites ! Since it has been disabled , I'm facing a hell lot of serious trouble in my personal and professional life !! I've lost 4 business opportunities ! I'm not getting any mail ! Everything is ruined !! Just because of some lame notice ! Which says your account has been disabled ! I've filled several forms for reactivation , but I've got only single response , and when on responding back ! It's been days I've got nothing back in response ! F it instagram ! I feel to say , never trust instagram ! Never !! My career is damned ! F instagram ! F everything ! Today's 14 th of December , and if i don't get my instagram account back before 25th of December ! It'll be the worse of it ! Thankyou.",2
"Updated Jan. 26, 2022",Spamstagram,"It is a great program and it has many features such as safety, trimming, chat and great videos",1
"Jan. 5, 2022",Non existent customer service,"I have been a loyal Instagram user for 3 years and it pains me to say this... I've been getting more and more frustrated with the app over time. The customer service has been terrible, the app crashes CONSTANTLY, and my posts never actually shows up. I'm giving it a break for a while because I'm tired of their poor customer support  - Shahwar Khan",1
"Jan. 4, 2022",I randomly got logged out my account 4‚Ä¶,Get banned for defending yourself haha they should never of sold instagram to that mong Zuckerberg,1
"Jan. 2, 2022",Very toxic social network that damages‚Ä¶,Moronic customer service. Demanding organisation that represents some of the dire ugliness in this world. Got rid of Facebook due to this and they have destroyed this company that use to good.,1
"Dec. 27, 2021",Horrendous,"I've been locked out of my account for more than three weeks with 'couldn't refresh feed'. It just gives a white screen and there's zero customer support, and I have tried all suggested remedies (from other sources, Instagram doesn't offer any) but to no avail. I see from reviews on Google Play that this is a very common occurrence to which Instagram is simply failing to respond or correct. Lack of individual customer support renders it useless when there is a bug like this.",1
"Dec. 25, 2021",Been locked out of my account for a few‚Ä¶,"How is possible that one of the most popular social media offers no support.Once you get the account hacked, you can only pray god to get it back. It‚Äôs impossible to get in touch with someone humanPlease MARK take a few millions from the billions you earn every year to build a customer service team!!",1
"Dec. 24, 2021",Almost 9 years of work gone,"Instagram‚ÄîStop with the multitudes of game ads and other worthless products I have absolutely no interest in!!!! If you want to be a good company let me‚Äîand only me‚Äî decide what adds I want to see. Between you and FACEBOOK, I spend more time blocking companies and hiding ads! I‚Äôve already deleted FACEBOOK and am getting sick of this crap popping up in my feed. Both companies have gotten well beyond the original business model  ‚Äînow you‚Äôve just turned into a greedy money crunching machine! I‚Äôd gladly pay a subscription if I didn‚Äôt have to deal with these ads!",1
"Dec. 24, 2021",Instagram don‚Äôt help anyone,My account was banned before I got a chance to log in. How do you ban an account before it was created?,1
"Dec. 20, 2021",Rubbish app with 0 security,"I haven't been able to comment for several weeks, people can't write to me, my engagement dropped. And the worst thing is that contacting support is useless.",1
"Dec. 19, 2021",just low life stuff,"One of my accounts was banned for no reason, I did not do any type of activity that was outside of Instagram's policies and they disabled my account for no reason. I wrote to support and as expected I have not received a response for 2 months.I lost my account for no reason, I have contacted support several times and have never received a response in these two months. We definitely need a company to remove that monopoly that you have today.",1
"Dec. 19, 2021",For more than three weeks,"Its very amusing the way Instagram operates on our internet , They often delete good accounts ,then keep bad ones , Mark Zuckerberg does not own the internet . In fact it was invented by a man i know very well , We are wondering where FB & Insta are taking the online world",1
"Dec. 18, 2021",Instagram on whole is rubbish I got‚Ä¶,"My account got deactivated on Saturday the 27th November for supposedly going against community guidelines!!!So i was scrolling on Instagram when my screen went white,closed the app and reopened it,instagram asked me to resign in by sending a verification code to my email and when i did that it said no user found and i had without any warning i was kicked out of my account,i filled in the link on the supposed help page which isnt very helpful nor discriptive on how to go about restoring or being able to contact a supports team. I got an email response asking to verify it was me by sending a photo and code through to them only to be told that the account was disabled due to not following community guidelines,no explaination as to exactly what wrong was done i asked for it to be rereviewed countless emails been sent and have had no response back. They never said if the account would be reactivated or anything so im just left very confused and also annoyed as i use my social media to help build my platform,i have been getting such nice positive foot traffic on it and now everything is gone ! I have had my account for about 7 years and everything i have worked to create on my page is gone! All my content which has taken so long to get right i am really upset!",1
"Dec. 17, 2021",Horrific experience trying to sign up‚Ä¶,"While removing followers, my account get's locked or restricted!",1
"Dec. 14, 2021",I dont know what's wrong with instagram‚Ä¶,"DO NOT USE TWO FACTOR AUTHENTICATION. I have lost access to my account because Instagram support is useless and keep sending the same automated reply asking for more information when I literally sent them an entire paragraph of personal information about the account like the phone numbers used to make the account, the device I used, when it was made, the email. Etc. I‚Äôve told them I don‚Äôt have access to the email I used to create the account because it‚Äôs seven years old and not one I‚Äôve ever used. The email I am messaging them on has literally been on the account for about 6 years. They refuse to help me and because this account doesn‚Äôt have personal photos of me I can‚Äôt prove my identity this way. The only reason I‚Äôve lost access is because my phone broke really suddenly so I can‚Äôt get onto the authentication app. This account is seven years old and they expect me to know every single tiny bit of information. I will no longer use 2FA authentication which obviously makes my account vulnerable but I‚Äôm not prepared to lose any more accounts because Instagram cannot sort this issue out. If you look online you will see I‚Äôm not the only person to lose accounts because of 2 factor authentication and Instagram refusing to help them. I will now probably have to lose an account I‚Äôve had for seven years.",1
"Dec. 11, 2021",It is a great program and it has many‚Ä¶,"My intagram account was on my PC. All of the sudden it was gone. Nothing but a blank screen. I used Microsoft Edge. This is main browser. I had download instagram using this browser ever since last year. Well a couple of weeks ago I had started getting messages from their security team that  they noticed a login from a device you don't usually use. I always use Microsoft Edge.  I did not receive a notification or an email of why they took it off. Nothing derogatory on my page. Now I can not get it back on my PC, but the site is telling me that I can use my cell phone. I wanted it for my computer for a reason so I do not have to use data. This is not right. Then I noticed its on my phone. What the heck ok I am done",3
"Updated Dec. 10, 2021",I have been a loyal Instagram user for‚Ä¶,"I was spammed with lots of 0 - 3 pic female picture accounts that would either sit there, and a week later would display a corn link.  Or they'd start asking obvious question that were already on your profile and at some stage dump a corn link.  So sick of this I added I now report spammers and then I lost my account.  Got the CONFIRM YOUR INFO ON APP bit which later gives you a dead white screen. I didn't want my pics out of my control, so filed a complaint with instagram that they didn't have my copyright permission to have my photo. They blew me off with it's a login issue, but I persisted, and they took john.spencer38 down, but as a copyright claim, to myself? It really is an awful outfit that hits the innocent user while spammers have a feast. No one is at home, of course, and you're dismissed with a pointless, unhelpful help link.",1
"Dec. 9, 2021",Get banned for defending yourself haha‚Ä¶,"If i could rate Instagram on a scale that was actually fair and gave us the option to rate with the amount of stars this app deserves I‚Äôd say -10000. Instagram literally ruined my life. I woke up one morning and an account that I‚Äôve used to POST PICTURES OF MYSELF and PROMOTE MY BUSINESS since 2014 was deactivated for ‚Äúpretending to be someone else‚Äù ‚Ä¶. I‚Äôve had this account for almost 8 years. THEY DELETED IT IN AUGUST and I‚Äôve submitted over 100 support requests and heard NOTHING back. This app does not care about small business and definitely doesn‚Äôt care about its regular consumers. It‚Äôs ridiculous how much we (consumers) did to make this platform as huge as it is only to get slapped in the face by the apps lack of support and care for the people who really make it what it is. Instagram caused me to lose 100% of my network which is spent 8 years building, all of my memories & photos, important DM‚Äôs and so much in sales. I genuinely hate this app and i hate that this EXACT same problem has happened to many many other people unjustly. I‚Äôve submitted copies of my ID, copies of me holding my Id, copies of me holding a piece of paper with a security pin, emails of me begging ‚Ä¶. I‚Äôve tried EVERYTHING and they DONT HAVE THE DECENCY TO RESPOND. if you are a business owner CREATE YOUR OWN SITE DO NOT USE INSTAGRAM TO PROMOTE YOUR BUSINESS‚Ä¶. It‚Äôs here today but can be gone the next and if your page gets taken down Instagram ‚Äúsupport‚Äù will do NOTHING TO HELP YOU. extremely disheartening and depressing dealing with this platform and their malpractice. Will not be excited about this platform ever again because it‚Äôs clear they do not give a single care about consumers well being ‚Ä¶. They‚Äôve ignored emails of me detailing the impact their actions have had on my ability to pay my bills for months. They don‚Äôt care that Instagram was my #1 marketing and networking tool‚Ä¶.. they don‚Äôt even have the decency to help and it‚Äôs been almost 4 months. This company is using you for your data and that‚Äôs it,,,, you‚Äôre literally working for them not the other way around.",1
"Dec. 9, 2021",Moronic customer service,"Without any explanation or warning or anything, my account was disabled out of the blue because of ""suspicious activity"". To be even worse, i cant even submit the appeal form, because it says that I spammed it (haven't even submitted it yet, i only did another one). To top it off there is no customer service that I could talk to.",1
"Dec. 7, 2021","Zero customer support, incredibly frustrating app","As a company representative of the company ""One Vision Group"", we had a wonderful experience on your platform. You have a competent and very helpful team for companies. Managing Partner,Thanh Caviglia",1
"Dec. 4, 2021",No support,"Hey!!! Why forcing me to upload my selfie ü§≥, I did that 3X already, 4 accounts gone! I‚Äôm done with your app.",2
"Dec. 4, 2021",Instagram‚ÄîStop with the multitudes of‚Ä¶,Instagram is forcing me to provide a selfie  I gave Instagram a selfie of me and the response is I can't use my account  berniemsk until the so called community ( which does not exist) approves my photo   this is a dictatorship   turn it off!!,3
"Dec. 3, 2021",Account banned before 1st log-in,Instagram is always improving. They have just released a feature where you can upload photos and videos from your computer and upload it on instagram from there. Love that idea btw.,1
"Dec. 2, 2021",Terrible.,"Connected a second account for business. It was then impossible to find out how to delete it from my choices... The problem is that there is no 'cross' (delete) button next to the accounts that are used on the app like you have on Gmail for example, making it quite tricky to find out how to delete it. I then find from independent sources that I just need to log off from the other account, which I do. But I still keep getting notifications from businesses non-stop. It's extremely irritating. You can deactivate notification in the settings, sure, but then it's gonna do that for all the other persons using the account for work and they will miss important stuff. I did not have any other choice than to simply delete the app to get rid of it, leaving my personal account behind. So far, the experience with Instagram is so-so. I have also had a notification problem in the past but this one was really a pain. Hopefully, with all the money made from ads, they'll be able to get a few (or new?) app developers on it.",1
"Dec. 2, 2021",Bad customer service.,The algorithm destroys the chances of gaining a good amount of followers without paying for promotions. It's emotionally upsetting and draining for smaller creators to get exposure.,1
"Dec. 1, 2021",Its very amusing the way Instagram‚Ä¶,"I've been trying for 2 weeks and there is no possible way to reach anyone over Instagram, if you don't have a friend who works there you are done. I'm having a problem with log in I requested a password change link and it gives me a notification saying CONTACT INSTAGRAM... but there is literally no way to contact them related to this. My account is as good as gone. Not sure maybe someone hacked it maybe it's disabled no way to know, no way to get it back. But this is a good thing, I'll delete the app and no more Instagram or Facebook.",1
"Updated Dec. 1, 2021",My account got deactivated on Saturday‚Ä¶,What makes me sick is that most of the reels videos are illicit and sexual suggestions for the new comers. The amount of crap videos am seeing is very disturbing. I just can't believe I have to use this IG. Not as I expected. I may decide to quit my account sooner or later. I can't stand to watch the reels and there is no option to remove or disable them. I might  as well keep up with Facebook and use IG for messaging. Terrible app indeed!,1
"Dec. 1, 2021",While removing followers,"I love Instagram, however I am very disappointed by the way they have recently decided to manage reported posts. I reported a few photos as I suppose they go againsts their guidelines and this is their feedback ""Because of the high volume of reports that we receive our team hasn't been able to review this post..."". This is not the reply I am expecting as this shows that, even if there are photos that should not be published, IG is not taking any action.This is quite dangerous and I am speachless and worried.",1
"Nov. 29, 2021",DO NOT USE TWO FACTOR AUTHENTICATION,HACKED ACCOUNT NO CUSTOMER SERVICE. MY ACCOUNT WAS HACKED. I CONTACTED SUPPORT SENT EMEIL WITH PICTURE AND NOW 10 DAYS LATER STILL NO RESPONSE. HOW COULD A HUNDREDS OF BILLION DOLLAR COMPANY HAVE ZERO CUSTOMER SUPPORT? I GUESS EATS INTO THEIR PROFITS IF THEY BACK THEIR PRODUCT UP WITH CUSTOMER SERVICE WHICH MOST COMPANY AND PRODUCT HAVE. MY QUESTION? WHO ARE THE STUPID ONES? THEM OR US?,1
"Nov. 29, 2021",My intagram account was on my PC,Instagram is a good place to text your friends and keep memories as well as see several different posts that others shared. However there are a few problems that Instagram has. The first one is the amount of bots there are. Almost every post I see on my feed contains way to many bots on its comments section. The second problem is how some account posts very inappropriate things and have not been taken down.,1
"Nov. 27, 2021",Ideal for save photos to,"My instagram account has been deactivated for apparently ‚Äòviolating their guidelines‚Äô however, I have done no such thing. I received one generic email stating that I should take a picture with a number ( to verify my identity) and send it back to them - since then I have received no response and it has been over a week now. My account  is my memory book for my life and I‚Äôm really saddened that instagram just gets away with treating people like this.",5
"Nov. 25, 2021",Spammers might have taken me down.,My instagram account got deactivated probably because of an algorithms mistake. It‚Äôs been a week that I keep making multiple tries to recovery it back via their support center and yet I have no response from instagram. I use it for business purposes and always by following and respecting their guidelines but their support system left me dissapointed. I hope that they will resolve it soon.,1
"Nov. 24, 2021",If i could rate Instagram on a scale i would rather eat a Jean jacket because they don‚Äôt even deserve.000001% of a star,"I've seen direct death threats get reported on this platform and Instagram do nothing. I've been reported for calling someone a silly sausage once and within the hour had my account under review. Meanwhile, a friend has some scammer set up a sex profile in her name and it took Instagram, a week to remove that fake account. A week! Add that to the change from organic posts to suggested posts, doing the exact mistake Facebook did to ruin their newsfeed. The fact that's something like 95 million bots on there. You got yourself an all-around terrible platform.",1
"Nov. 24, 2021",Account got disabled for no reason,NO SUPPORT - HACKED ACCOUNT,1
"Nov. 24, 2021",Great Experience,"Really disgusted by Instagram. ü§Æü§Æü§Æü§Æü§Æü§Æü§Æü§ÆThere are a lot of nude and pornography profiles that aren‚Äôt disabled, but I posting normal things, you come to disable my account.Look after your useless ""conditions of use"" because you are the first not to respect them! üê∏üê∏üê∏",5
"Nov. 22, 2021",Why force....,"I have come on to explain my horrible experience with Instagram today. I found out that someone had been using my pictures to promote explicit content on a profile with my name also. They also had a link to another website (similar to onlyfans but it was a scam website) but still held two more photos of me and my name. I haven‚Äôt ever sold explicit content so I know they don‚Äôt have anything on me. BUT I don‚Äôt want people to think this is me. I got a LOT of people to report this Instagram profile. I managed to get the link to this other website blocked, as I emailed and they got rid of it INSTANTLY as it was copyright infringement. Instagram on the other hand, after hours of waiting, got an automated reply basically saying it probably doesn‚Äôt go against community guidelines. The account is still active after lots of people reporting it. If it isn‚Äôt deleted soon I‚Äôll be reporting it again for the second time.",2
"Nov. 21, 2021",Instagram is forcing me to provide a‚Ä¶,"My account and the mail box associated with it were hacked, and the instructions they have on their help page don't correspond to the screen you see at all! There's also no way to contact them to reassign the account back to me! I just have to accept that a stranger is pretending to be me/has access to my messages and information after trying to contact them all day!!!",1
"Nov. 20, 2021",Instagram is always improving,"I have been subject to online harassment and abuse, I've blocked the account on IG and have made several attempts to report the person / user handle directly via IG following their process. The user interface however is broken and each time I am try to send the message, I land on the initial landing page a confirmation. This is an urgent matter so I would expect IG's customer care system / process to report to work better in urgent cases such as this.",5
"Nov. 15, 2021",great page ...,No human support what so ever. This company should not be operating in the United States.,5
"Nov. 13, 2021",no thanks for removing my accounts,"sometimes I want to vomit.disgusting. vulgarity, obscene language. fraud.  This is Facebook. and it's Instagram",1
"Nov. 10, 2021",Problem with having two accounts at the same time,"A homophobic and shameful organization that only weeks to uplift and promote the beautiful. I've been running a queer body positivity group for well over 7 years on Instagram and in the last year nearly every image of queer affection has been ""removed"" because it ""violated community standards"" how is queer live a violation of your community standards of you're not homophobic?!",1
"Nov. 10, 2021",The algorithm destroys the chances of‚Ä¶,A SMELLY EXCREMENT of a company. DUMP this useless site and join a new social media group. Politically motivated- and will silence all others that disagree with their communist manifesto.,1
"Nov. 9, 2021",No way to Contact,"If I could give it less than one star I would. There are so many things wrong with Instagram but let‚Äôs keep it simple. I was blocked for 1 week because I chose to unfollow a lot of people. IG says I used a 3rd party app to gain likes and follows. Anyone looking at my IG can easily see I have no interest in how many likes and follows I have but I do have interest in who I follow and who‚Äôs content I see and if I CHOOSE to unfollow people because I no longer wish to see their toxic and negative post then that should be fine. Instead, Instagram says no. Not only can you not unfollow them but we will lock your account for one week so you can‚Äôt do anything at all. So now if I want to use IG then I‚Äôm forced to see this material. What a choice IG. I choose to delete my account and shove it up your buttocks",1
"Nov. 8, 2021",Top top top wawe wawe,Finally do something against these bots that spam my comments.,5
"Nov. 7, 2021",You Know What Makes Me Sick?,Instagram deleted my business page for no reason. Shame on you üëéüèº,1
"Updated Nov. 7, 2021",Instagram doesn't care about keeping posts safe,"Don't expect reliable customer support service from Instagram. Because you'll have to fend for yourself when dealing with issues on this unprofessional platform. Also, don't expect intellectual discussions that are based on freethinking here. Censorship that is dehumanizing causes that to happen. These sellouts keep promoting Instagram like it's some amazing platform. When, in reality, it's actually just a shadow of its former self. Now, it's filled with watered down content that dumbs people down with sexy girls, pets, children, babies, censorship, and other banal things.",2
"Nov. 2, 2021",HACKED ACCOUNT NO CUSTOMER SERVICE,0 customer service don't now how to help anyone ban for saying processed food will make you fat? once they open it I will down load all my pictures down and close it down,1
"Oct. 31, 2021",Instagram is a good app but....,"Be active but not ""too"" active is apparently how commenting on posts works on Instagram. On a lazy Sunday afternoon I was spending more time than usual on Instagram, making comments, when Instagram suddenly put a stop on my commenting for three days with no explanation. There was a ""Tell us"" button but it led nowhere. After some research I read that they do this with suspected spam. Did someone not like a comment and report it? I certainly didn't write anything that broke any rules, as far as I know. Anyway, what was meant to be a photo-sharing platform is now a place of fake photos, wannabe influencers, and people with a political agenda promoting their views. Sure, there's good stuff there but it's basically just a mini-Facebook these days. I'll take my time and attention to someplace that appreciates it. :-) I deleted my account.",4
"Oct. 30, 2021",Disabled instagram account,"I‚Äôm shocked at how Instagram supports almost pure nudity. I use it for my business in the skincare industry. In fact most of my paid post of a clients before and after pictures of skin issues are declined. It‚Äôs a shame because the goal is to help others find a place for skincare treatments. Just scrolling through all sorts of post most girls I‚Äôve seen are want to be porn stars in sexual positions. Other post I have seen are bare breast before and after pictures which I think are disgusting. It‚Äôs a shame that Instagram supports this type of nasty nonsense. This is exactly why young girls are on TV talking about the negative impact Instagram has had on their lives and confidence. Great job Instagram for supporting Trash, Nudity and Evil to this world. I‚Äôm sure your children will turn out this way since you support it. Geeze!!!!",1
"Oct. 29, 2021",Instagram account deactivated,"I accidentally downloaded Instagram and not Telegram.  Instantly a girl in her underwear started following me.  I knew it was odd, because she looked beautiful and she was following 76 people and 0 people were following her.  Then she messaged me and it was some dirtysex site.  So, I deleted her and my picture.  My profile, I couldn't find where to delete, so BrianEStead is on there for now.",1
"Updated Nov. 8, 2021",It's an alarmingly dangerous platform,"Registered the account just to write this review, the customer service is just pure trash, was viewing DM then got a sudden kick-out saying we noticed that there are some ""Unusual Activity"" on your account so we've logged you out. After I did a simple phone authentication it's saying approx 24 hrs to get me back to track but no msgs till now. Now I lost my contacts and my work schedule has been affected due to connections lost with partners etc.If you are not gonna do customer service, why form up a superficial site to pretend you have one, the auto-ban executed by the algorithm is so ""Intelligent"", it's definitely the sign of being in the top tier of the field right?",1
"Oct. 26, 2021",NO SUPPORT,I use Instagram to discover many amazing places worldwide. I would love if they would have a feature to create a route out of the saved places,1
"Oct. 24, 2021",Really disgusted by Instagram ü§¢ü§ïü§Æ,They will delete your whole profile with your information and attachments.instagram steals your information.,1
"Oct. 8, 2021",No direct contact on serious situation,"They make it impossible to get any help if you have any issue with your account. It‚Äôs a maze and when you finally find a contact form they just don‚Äôt get back to you. My account was hacked and being used to scam people and I‚Äôve made several appeals to Instagram, with none of them being responded to.",1
"Oct. 7, 2021",NO SUPPORT - HACKED ACCOUNT,"If I could give 0 I would, instagram is a hypocritical platform, anything a Muslim responds responds in response to vile comments u block and shadow ban us. Fk u Zuckernberg u facist single cell. Our voices will not be silenced.",1
"Oct. 7, 2021",Unable to report an abusive user,I really like instagram ..but sometimes I have trouble getting the blue flag and verifying the account ...please immediately to the parties concerned to confirm my account,1
"Oct. 6, 2021",No human support what so ever,"I would call the customer service ass if there was customer service. How is a multi-billion dollar company gonna tell me straight to my face that my call will not be answered, and that I should use the help-centre instead? Do they think we're stupid enough not to have first checked there before calling? My issue isn't on there and that's obviously why I'm calling. And I had sent in a bunch of stuff from their so-called 'help-centre' and received no response at all. If they're gonna restrict their 'customer service' to an in-app built facility then at least be good at it. Extremely disappointing to say the least.",1
"Oct. 5, 2021",Really nice !,"Instagram or someone else blocked me on my page saying 9 users can't be found '  my username is   @scottrobertsonnyc    PLEASE IS THERE SOMEONE THAT COULD HELP ME?  I AM TRYING TO RESOLVE THIS SINCE AUGUST 21,2021   PLEASEEEEEEEEEEEEEEE",5
"Oct. 3, 2021",sometimes I want to vomit.,Instagram‚Äôs support is NON EXISTENT . How on earth are you unable to contact a company of this scale when requiring support. Absolute JOKE.,1
"Oct. 3, 2021",A homophobic and shameful organization‚Ä¶,"Instagram could have been a place for eventful pictures to share pictures with friends and relatives, FB without the nonsense and drama. Well no, they have only conjured up the second coming of useless celebrity, excessive photoshop usage and unrealistic standards. You don‚Äôt need talent to be recognised, just look a certain way. (even if you don‚Äôt!) The app is completely filled with copy cats, wasting hours a day photoshopping their nose out of existence and over-sharing on an app with horrendous privacy concerns. I thank Instagram everyday for restricting my account and eventually deleting after I sent multiple forms to reinstate it. 5/6 years of memories lost due to incompetence, I now see it is probably worth it though as this app is the embodiment of brain damage. Not to sound like a boomer but this app has ruined a generation.",1
"Sep. 29, 2021",A SMELLY EXCREMENT of a company,"Go to Google Play and see the Facebook rating 2.3 stars lol, Instagram is gonna go down soon. In fact this social media giants will no longer be useful anymore.Most people who are active on social media are just lazy and desperate people. Mostly many of them just are lonely and feel like social media the only place to find love or partner, nonsense.Another issue is there's no Instagram Help Centre where I could reach them out for problems am having. There's no means for recovery account. Pathetic!! Very saddening to say the least. Plus people who work for Mark Zuckerberg are just plain slaves. Watch the documentary for yourself!",1
"Sep. 29, 2021",Account locked for unfollowing,Fed up of all the privacy let-downs. Facebook is a giant fail. No wonder the Instagram founder up and left.,1
"Sep. 25, 2021",Finally do something against these bots‚Ä¶,Wow its full of prostitution and people trading child pornography and preying on children and even peddling them. I CANT BELIEVE IT! AND I CANT BELIEVE BUSINESSES USE THIS PLATFORM FOR THEIR COMPANY PAGES!!!!!,3
"Sep. 25, 2021",Instagram deleted my business page for‚Ä¶,"As an artist I like this platform the best to post my art/drawings. can't stand twitter and annoying kids ""opinions"" Deviantart and Tumblr as dead at this point. So i stick with IG. yes it has its issues here and there but there's nothing big for me to complain about",1
"Sep. 25, 2021",Qurban7375 unblock me please I out Mony,Discriminating users based on ethnic criteria.,1
"Updated Sep. 23, 2021","Unprofessional Customer ""Support"" Service and Dehumanizing Censorship","I am fed up to the back teeth of instagram doing what they want with my account. Av done nothing wrong, but for the past 24hrs it won't refresh or update. I have several important contacts on there that i can no longer see or contact because of this...Fix this now.... this is the worst service EVER...",1
"Sep. 23, 2021",0 customer service don't now how to‚Ä¶,"I tried to open the account on the Instagram and it is my second go and every time it signs me out and say they observed an unusual activity. I haven't done anything, they are not allowing me to use it 2 minutes after I created it. So I say this is the worst social media I have ever came across. I will not be bothered the third time. The reviewers before me are right, they will allow the podophiles and other freaks to use it but they will block me for absolutely nothing. Shame on the creator of this rubbish!",1
"Sep. 23, 2021",Infringes on rights with sensorship,"used to be good, has gone downhill - mainly too much censorship and fact checking. I get the feeling the words Fact-Check are now synonymous with BS. Shame really, these companies should just focus on greed and forget trying to have a moral compass :-)",1
"Updated Sep. 20, 2021","Be active but not ""too"" active is‚Ä¶",On my pc laptop I cant message or post pictures. I would like for it to be more accessible from everywhere including all laptops and computers. I love Instagram but it only works for me on a phone app. Please make it world wide and make it easily accessible for people who are without a phone.,1
"Sep. 17, 2021",I‚Äôm shocked at how Instagram supports‚Ä¶,would be 0 star . absolute joke . shut my new account down as someone hacked it straight away . tried for weeks now to get re-instated . no reply from them apart from a code the send you that you need to reply on a photo with proof Ect . done 10+ times now and not once had ant return email . issue I have is the user name I need that exact one to match my business . so disappointed 0 customer service,1
"Sep. 17, 2021",I accidentally downloaded Instagram and‚Ä¶,Censorship of information is illegal and wrong,1
"Updated Sep. 15, 2021",Registered the account just to write‚Ä¶,"üéäüåàüåàüåà I just got home from work and I got a bit of a new moon and I got a bit of a bit of the sun and sun sun moon moon park and sun sun moon moon sun moon and sun sun moon moon sun moon and sun sun moon moon sun moon and sun sun moon moon sun moon and sun sun moon moon sun moon and sun sun moon moon sun moon and sun sun moon moon sun moon and sun sun moon moon sun üåàüåàüåàüéäBrussels-HagueCompassion is Wisdom,I thinkü•õ",1
"Sep. 9, 2021",I use Instagram to discover many‚Ä¶,used to be good but since the censorship police purchased instagram it has gone into the rubbish bin.  yuck.,3
"Sep. 8, 2021",They will delete your whole profile‚Ä¶,"After reporting multiple times I was having security issues and that I suspected my account was being hacked finally Instagram suspended my account because I was supposedly violating their guidelines. Then they offer cero customer service to solve the issue. So basically their security fails a lot, the users pay the price and then they fix nothing. Years of investing time, money (Yes, I used to buy a lot from products adds in Instagram) and energy wasted because at the end they really don't care about their users experience, not even a long history of well behaviour in the app stops them from deleting your account when is not even your fault that it was hacked. It's really disrespectful.",1
"Sep. 8, 2021",Do not help users AT ALL,"rubbish, all reels and videos now. boring. copycat of YouTube and tiktok now, not a photosharing app anymore.",1
"Sep. 7, 2021",If I could give 0 I would,I have many Instagram accounts.. I got locked out of my main account a few years ago and i emailed support (Horrible support) I gave them all the info they needed to get me back in my account and they always say that its wrong and now when i try to contact them again they just ignore me. I sent them a email and few months ago and still have not go anything back.,1
"Updated Feb. 16, 2022",I really like instagram ..but sometimes‚Ä¶,"Tries to hide the content via a load of javascript. Doesn't stop me downloading it, as i just take apart all the javascript until i get the URL. Very annoying website, should be shutdown for wasting everyone's time. And no, i'm not signing up to it either.",2
"Sep. 6, 2021",What customer service?,"I am not happy with this application, I have reported a problem many times and it has still not been solved. I have been reporting this problem for over a month. I cannot access my Instagram without it popping up that I am restricted to do things and I have to keep pressing okay. I cannot follow and unfollow or message people. This application is absolutely ridiculous it doesn‚Äôt let you do anything. Would be nice if someone could contact me saying they will solve this problem but they don‚Äôt, they just leave it!",1
"Sep. 3, 2021",Instagram or someone else blocked me on‚Ä¶,Antisocial platform for liberals and greens. Only liberal newspeak is allowed.,1
"Sep. 2, 2021",Instagram‚Äôs support is NON EXISTENT,"Have double authentication to log in, my phone breaks, i want to log in on the new phone, got in contact with instagram to switch off the double authentication by proving my identity They said they turned it off but double authentication is still on when I try to log in and nobody seems to reply anymore. They don‚Äôt care about users unless you have at least 100k followers. No customer service. Yalll should be ashamed",1
"Sep. 2, 2021",App made for the superficial,Am looking for a sugar baby who will be loyal and honest and I will satisfy her and take good care of her billsContact me via Instagram at sugardaddyrob58,1
"Sep. 1, 2021",Instagram Has A Big Issue To Solve,"On Instagram there are amazing aritsts with top-tier singlely crafted paintings and\or statues but they are ignored by Instagram as it preferes to promote losers that show off a fake rich live styel.These losers have been debunked by a documetnary, ""Fake Famous"" (2021), Instagram is a crimina company for allowing the deceit of youngsters as they think these fake important people are legit and fall in massive depression.",1
"Sep. 1, 2021",Fed up of all the privacy let-downs,"Worst support ever, never reply a single request",1
"Aug. 31, 2021",Wow its full of prostitution and people‚Ä¶,I got my account disabled for no reason and I got zero warning or anything. I‚Äôve been building up my social media for 6 years now and it‚Äôs gone.,1
"Aug. 31, 2021",As an artist I like this platform,"There's a HUGE issue on this platform with radical organizations and suggestive content. Some of these accounts are clearly promoting their site and should not be allowed on the platform. Most of them do not have their profiles set to private. Any child who happens to accidentally misclick out of curiosity is then in full view of heavily suggestive photos. Then in their recommended friends list, they see more of those profiles. You have to then manually X out those recommendations. Instagram needs to do more to block such inappropriate content. It is strange how content promoting Blue Lives Matter can be restricted but anti-Semitism speech is allowed to roam free. Do better and stop focusing on becoming bigger and better!",4
"Aug. 28, 2021",Discriminating users based on ethnic‚Ä¶,"So close for just deleting my IG account for good. Keeps temporary blocking my account for suspicious use. I have offered to send ID, but never getting an answer. Get yourself a d*mn support system, so we can contact REAL people, when we actual need help. You can‚Äôt just block me, for no reason. and definitely not for several times a month. Also I use Instagram for work, and I guess you don‚Äôt send me my paycheck, whenever you randomly chooses to block my account?account @ehsimonsenFIX IT!",1
"Aug. 27, 2021",could be better...,its ok  but having on just on the phone  is a pain  ( with my Eyesite ..lol) why wont thy let us post using a pcwe used to be able to  .. why did they stop it ???  in a way this app is only for persons with good Eyesite,4
"Aug. 26, 2021",Less than 1 star - my account wont refresh,"Banned off Instagram with no reason given, the support team do not exist.",1
"Aug. 22, 2021",I tried to open the account on the‚Ä¶,There is no customer service. I emailed the service email listed in November of 2020 never got anything back. This app has the absolute worst help center ever. All that money the founders are getting and can‚Äôt afford an actual customer service help center.,1
"Aug. 21, 2021",used to be good,"1) When I report posts or comments for having slurs (ex: n word hard r), they say it doesn‚Äôt include hate speech.2) TL;DR: They would rather let you run in circles for hours rather than fix an issue. My business account got partially disabled after I posted a drawing of 2 people in swim suits captioned ‚Äúbeach day!‚Äù I took it down (even though it was harmless), but my account is still flagged. I clicked the request review button on the app, and it redirected to me to the wrong form. The link tp the right form leads to nowhere. I was essentially running in circles until I found the facebook business center where I found a request review button that I thought worked. Five days later, I check the review status and it says I have to finish the request. You‚Äôll never guess where this finish review button leads... back to the business center homepage.",2
"Updated Aug. 20, 2021",On my pc laptop I cant message or post‚Ä¶,"1. I'm photographer (dark_indigox). I'm using IG for 5 years now, I never use any app for likes, followers or anything like that. I have more than 10k organic followers that I earn with my art I now I'm accused of buying likes and I'm locked and this is not first time.2. My followers don't see my posts, I have 10k followers but only around 200 likes per post. I report IG and FB my problems numerous times so far and not a single answer from them.Terrible and scary that they can delete your account and have NOBODY to report that, NOBODY.",1
"Aug. 16, 2021",would be 0 star,I forgot my password. I contacted support. I got my account back,1
"Aug. 14, 2021",Censorship of information is illegal‚Ä¶,Instagram is 0 with support and they are baning accounts for noting... and when you ask for help they dont wanna help you only ignore you,1
"Aug. 13, 2021",üéäüåàüåàüåà I just got home from work and‚Ä¶,Gazillion dollar company that cant fix simple issues.,5
"Aug. 11, 2021",used to be good but since the‚Ä¶,"BE WARNED! I‚Äôve been hacked or Instacrap is not letting me close my account! Has anyone else had this problem?! Extremely frustrating and worrying! Owned and run by money, not for people. Just another distraction! Keeping the human population dumbed down! Haven‚Äôt used it for years and set up an account to support for good uses so how can I be following people all of a sudden?! No help or support from instacrap to help close my account so leaving this review.",2
"Aug. 10, 2021",Worst security for your account and worst customer service,"I am getting sick and tired of Instagram. Every 4th post on my feed is an advert. I am getting tired of having to hide them and even when I do hide them I get loads more of the same subject. I can't see the posts I want anymore. My feed is boring.Also they wouldn't remove a racist comment but will quite happily remove a picture of a breastfeeding woman. Ridiculous!!!!!!!!!!I deleted Facebook so instagram is my go to app but it is becoming tiresome. I am slowly removing accounts I follow (and cautiously, because if you remove too many at once you get blocked or have your account suspended,because they think you're a bot)! to see if this makes a difference with the CONSTANT BLOODY ADS!! Oh and another thing, the massive overflow of bots in every comment section!!Come on instagram, sort it out! You're going the right way about losing users.",1
